,mal_user,series_title,series_type,series_episodes,my_score,my_status
48,Gugilta,Death Billiards,Movie,1,0,Plan to Watch
61,Gugilta,Evangelion: 3.0+1.0 Thrice Upon a Time,Movie,1,0,Plan to Watch
131,Gugilta,Kara no Kyoukai 1: Fukan Fuukei,Movie,1,0,Plan to Watch
228,Gugilta,Promare,Movie,1,0,Plan to Watch
312,Gugilta,"Uchiage Hanabi, Shita kara Miru ka? Yoko kara Miru ka?",Movie,1,0,Plan to Watch
188,Gugilta,Mo Dao Zu Shi,ONA,15,0,Plan to Watch
206,Gugilta,Net-juu no Susume,ONA,10,0,Plan to Watch
3,Gugilta,Ajin,TV,13,0,Plan to Watch
4,Gugilta,Akame ga Kill!,TV,24,0,Plan to Watch
5,Gugilta,Akatsuki no Yona,TV,24,0,Plan to Watch
16,Gugilta,Asobi Asobase,TV,12,0,Plan to Watch
17,Gugilta,Baccano!,TV,13,0,Plan to Watch
20,Gugilta,Bakuman.,TV,25,0,Plan to Watch
21,Gugilta,Ballroom e Youkoso,TV,24,0,Plan to Watch
25,Gugilta,Boku no Hero Academia,TV,13,0,Plan to Watch
41,Gugilta,Claymore,TV,26,0,Plan to Watch
46,Gugilta,Cowboy Bebop,TV,26,0,Plan to Watch
52,Gugilta,Dorohedoro,TV,12,0,Plan to Watch
53,Gugilta,Dororo,TV,24,0,Plan to Watch
56,Gugilta,Dungeon ni Deai wo Motomeru no wa Machigatteiru Darou ka,TV,13,0,Plan to Watch
57,Gugilta,Durarara!!,TV,24,0,Plan to Watch
58,Gugilta,ef: A Tale of Memories.,TV,12,0,Plan to Watch
71,Gugilta,Fruits Basket 1st Season,TV,25,0,Plan to Watch
76,Gugilta,Gintama,TV,201,0,Plan to Watch
77,Gugilta,Given,TV,11,0,Plan to Watch
83,Gugilta,Hai to Gensou no Grimgar,TV,12,0,Plan to Watch
84,Gugilta,Haibane Renmei,TV,13,0,Plan to Watch
91,Gugilta,Hajime no Ippo,TV,75,0,Plan to Watch
93,Gugilta,Hanasaku Iroha,TV,26,0,Plan to Watch
100,Gugilta,Higashi no Eden,TV,11,0,Plan to Watch
101,Gugilta,Higurashi no Naku Koro ni Gou,TV,24,0,Plan to Watch
105,Gugilta,Honzuki no Gekokujou: Shisho ni Naru Tame ni wa Shudan wo Erandeiraremasen 3rd Season,TV,0,0,Plan to Watch
110,Gugilta,Hourou Musuko,TV,11,0,Plan to Watch
115,Gugilta,Initial D First Stage,TV,26,0,Plan to Watch
116,Gugilta,Inuyashiki,TV,11,0,Plan to Watch
119,Gugilta,Jinrui wa Suitai Shimashita,TV,12,0,Plan to Watch
120,Gugilta,Jujutsu Kaisen (TV),TV,24,0,Plan to Watch
121,Gugilta,Just Because!,TV,12,0,Plan to Watch
122,Gugilta,K-On!,TV,13,0,Plan to Watch
125,Gugilta,Kaguya-sama wa Kokurasetai: Tensai-tachi no Renai Zunousen 3rd Season,TV,0,0,Plan to Watch
127,Gugilta,Kaiba,TV,12,0,Plan to Watch
128,Gugilta,Kaichou wa Maid-sama!,TV,26,0,Plan to Watch
129,Gugilta,Kakushigoto (TV),TV,12,0,Plan to Watch
130,Gugilta,Kanata no Astra,TV,12,0,Plan to Watch
132,Gugilta,Karakai Jouzu no Takagi-san,TV,12,0,Plan to Watch
137,Gugilta,Kemonozume,TV,13,0,Plan to Watch
140,Gugilta,Kimi ni Todoke,TV,25,0,Plan to Watch
143,Gugilta,Kimi to Boku.,TV,13,0,Plan to Watch
149,Gugilta,Kobayashi-san Chi no Maid Dragon,TV,13,0,Plan to Watch
167,Gugilta,Kuroko no Basket,TV,25,0,Plan to Watch
168,Gugilta,Kyoukai no Kanata,TV,12,0,Plan to Watch
169,Gugilta,Kyousou Giga (TV),TV,10,0,Plan to Watch
170,Gugilta,Little Witch Academia (TV),TV,25,0,Plan to Watch
172,Gugilta,Log Horizon,TV,25,0,Plan to Watch
173,Gugilta,Log Horizon: Entaku Houkai,TV,12,0,Plan to Watch
177,Gugilta,Magi: Sinbad no Bouken (TV),TV,13,0,Plan to Watch
180,Gugilta,Mahoutsukai no Yome,TV,24,0,Plan to Watch
182,Gugilta,Mawaru Penguindrum,TV,24,0,Plan to Watch
194,Gugilta,Mushishi,TV,26,0,Plan to Watch
195,Gugilta,Mushishi Zoku Shou,TV,10,0,Plan to Watch
196,Gugilta,Nagi no Asu kara,TV,26,0,Plan to Watch
200,Gugilta,Natsume Yuujinchou,TV,13,0,Plan to Watch
201,Gugilta,Nejimaki Seirei Senki: Tenkyou no Alderamin,TV,13,0,Plan to Watch
208,Gugilta,Nichijou,TV,26,0,Plan to Watch
211,Gugilta,Nodame Cantabile,TV,23,0,Plan to Watch
212,Gugilta,Non Non Biyori,TV,12,0,Plan to Watch
219,Gugilta,Ookami to Koushinryou,TV,13,0,Plan to Watch
220,Gugilta,Overlord,TV,13,0,Plan to Watch
226,Gugilta,Planetes,TV,26,0,Plan to Watch
248,Gugilta,Sakamichi no Apollon,TV,12,0,Plan to Watch
249,Gugilta,Sakamoto Desu ga?,TV,12,0,Plan to Watch
252,Gugilta,Sakurada Reset,TV,24,0,Plan to Watch
253,Gugilta,Samurai Champloo,TV,26,0,Plan to Watch
256,Gugilta,Seirei no Moribito,TV,26,0,Plan to Watch
279,Gugilta,Shoujo Shuumatsu Ryokou,TV,12,0,Plan to Watch
295,Gugilta,Tamako Market,TV,12,0,Plan to Watch
298,Gugilta,Tate no Yuusha no Nariagari Season 2,TV,0,0,Plan to Watch
299,Gugilta,Tate no Yuusha no Nariagari Season 3,TV,0,0,Plan to Watch
302,Gugilta,Tensei shitara Slime Datta Ken,TV,24,0,Plan to Watch
311,Gugilta,Tsurezure Children,TV,12,0,Plan to Watch
313,Gugilta,Uchouten Kazoku,TV,13,0,Plan to Watch
314,Gugilta,Uchuu Kyoudai,TV,99,0,Plan to Watch
315,Gugilta,Usagi Drop,TV,11,0,Plan to Watch
316,Gugilta,Vinland Saga,TV,24,0,Plan to Watch
320,Gugilta,Working!!,TV,13,0,Plan to Watch
322,Gugilta,xxxHOLiC,TV,24,0,Plan to Watch
332,Gugilta,Youjo Senki,TV,12,0,Plan to Watch
334,Gugilta,Yowamushi Pedal,TV,38,0,Plan to Watch
335,Gugilta,Yuru Camp△,TV,12,0,Plan to Watch
336,Gugilta,Yuru Camp△ Season 2,TV,13,0,Plan to Watch
55,Gugilta,Dr. Stone: Stone Wars,TV,11,0,Watching
106,Gugilta,Horimiya,TV,13,0,Watching
113,Gugilta,Hunter x Hunter (2011),TV,148,0,Watching
240,Gugilta,Re:Zero kara Hajimeru Isekai Seikatsu 2nd Season Part 2,TV,12,0,Watching
269,Gugilta,Shingeki no Kyojin: The Final Season,TV,16,0,Watching
329,Gugilta,Yakusoku no Neverland 2nd Season,TV,11,0,Watching
175,Gugilta,Made in Abyss 2,Unknown,0,0,Plan to Watch
141,Gugilta,Kimi no Na wa.,Movie,1,10,Completed
142,Gugilta,Kimi no Suizou wo Tabetai,Movie,1,10,Completed
146,Gugilta,Kizumonogatari I: Tekketsu-hen,Movie,1,10,Completed
147,Gugilta,Kizumonogatari II: Nekketsu-hen,Movie,1,10,Completed
148,Gugilta,Kizumonogatari III: Reiketsu-hen,Movie,1,10,Completed
150,Gugilta,Koe no Katachi,Movie,1,10,Completed
331,Gugilta,Yoru wa Mijikashi Arukeyo Otome,Movie,1,10,Completed
338,Gugilta,Zoku Owarimonogatari,Movie,6,10,Completed
164,Gugilta,Koyomimonogatari,ONA,12,10,Completed
19,Gugilta,Bakemonogatari,TV,15,10,Completed
28,Gugilta,Chihayafuru,TV,25,10,Completed
29,Gugilta,Chihayafuru 2,TV,25,10,Completed
31,Gugilta,Chihayafuru 3,TV,24,10,Completed
54,Gugilta,Dr. Stone,TV,24,10,Completed
72,Gugilta,Fullmetal Alchemist: Brotherhood,TV,64,10,Completed
92,Gugilta,Hanamonogatari,TV,5,10,Completed
111,Gugilta,Houseki no Kuni (TV),TV,12,10,Completed
114,Gugilta,Hyouka,TV,22,10,Completed
124,Gugilta,Kaguya-sama wa Kokurasetai: Tensai-tachi no Renai Zunousen,TV,12,10,Completed
126,Gugilta,Kaguya-sama wa Kokurasetai?: Tensai-tachi no Renai Zunousen,TV,12,10,Completed
155,Gugilta,Kono Oto Tomare! 2nd Season,TV,13,10,Completed
191,Gugilta,Monogatari Series: Second Season,TV,26,10,Completed
203,Gugilta,Nekomonogatari: Kuro,TV,4,10,Completed
209,Gugilta,Nisemonogatari,TV,11,10,Completed
221,Gugilta,Owarimonogatari,TV,12,10,Completed
222,Gugilta,Owarimonogatari 2nd Season,TV,7,10,Completed
225,Gugilta,Ping Pong the Animation,TV,11,10,Completed
257,Gugilta,Seishun Buta Yarou wa Bunny Girl Senpai no Yume wo Minai,TV,13,10,Completed
261,Gugilta,Shigatsu wa Kimi no Uso,TV,22,10,Completed
282,Gugilta,Sora yori mo Tooi Basho,TV,13,10,Completed
310,Gugilta,Tsukimonogatari,TV,4,10,Completed
2,Gugilta,Air Movie,Movie,1,5,Completed
45,Gugilta,Colorful (Movie),Movie,1,5,Completed
107,Gugilta,Hoshi wo Ou Kodomo,Movie,1,5,Completed
108,Gugilta,Hotaru no Haka,Movie,1,5,Completed
109,Gugilta,Hotarubi no Mori e,Movie,1,5,Completed
118,Gugilta,Jin-Rou,Movie,1,5,Completed
123,Gugilta,Kaguya-hime no Monogatari,Movie,1,5,Completed
144,Gugilta,"Kimi to, Nami ni Noretara",Movie,1,5,Completed
181,Gugilta,Majo no Takkyuubin,Movie,1,5,Completed
183,Gugilta,Mimi wo Sumaseba,Movie,1,5,Completed
237,Gugilta,Rakuen Tsuihou,Movie,1,5,Completed
304,Gugilta,Tokyo Godfathers,Movie,1,5,Completed
34,Gugilta,Chuunibyou demo Koi ga Shitai! Lite,ONA,6,5,Completed
289,Gugilta,Steins;Gate: Soumei Eichi no Cognitive Computing,ONA,4,5,Completed
32,Gugilta,Chihayafuru 3: Ima Hitotabi no,Special,1,5,Completed
35,Gugilta,Chuunibyou demo Koi ga Shitai!: Depth of Field - Ai to Nikushimi Gekijou,Special,7,5,Completed
36,Gugilta,Chuunibyou demo Koi ga Shitai!: Kirameki no... Slapstick Noel,Special,1,5,Completed
199,Gugilta,Nana Recaps,Special,3,5,Completed
285,Gugilta,Steins;Gate 0: Kesshou Takei no Valentine - Bittersweet Intermedio,Special,1,5,Completed
15,Gugilta,Aoi Bungaku Series,TV,12,5,Completed
23,Gugilta,Beck,TV,26,5,Completed
78,Gugilta,Golden Time,TV,24,5,Completed
82,Gugilta,Gyakkyou Burai Kaiji: Ultimate Survivor,TV,26,5,Completed
117,Gugilta,Isshuukan Friends.,TV,12,5,Completed
6,Gugilta,Akira,Movie,1,6,Completed
12,Gugilta,Ano Hi Mita Hana no Namae wo Bokutachi wa Mada Shiranai. Movie,Movie,1,6,Completed
59,Gugilta,Evangelion: 1.0 You Are (Not) Alone,Movie,1,6,Completed
60,Gugilta,Evangelion: 2.0 You Can (Not) Advance,Movie,1,6,Completed
62,Gugilta,Eve no Jikan (Movie),Movie,1,6,Completed
64,Gugilta,Fate/stay night Movie: Heaven's Feel - II. Lost Butterfly,Movie,1,6,Completed
112,Gugilta,Howl no Ugoku Shiro,Movie,1,6,Completed
163,Gugilta,Koukaku Kidoutai,Movie,1,6,Completed
166,Gugilta,"Kumo no Mukou, Yakusoku no Basho",Movie,1,6,Completed
202,Gugilta,Neko no Ongaeshi,Movie,1,6,Completed
205,Gugilta,Neon Genesis Evangelion: The End of Evangelion,Movie,1,6,Completed
233,Gugilta,Psycho-Pass Movie,Movie,1,6,Completed
234,Gugilta,Psycho-Pass: Sinners of the System Case.1 - Tsumi to Bachi,Movie,1,6,Completed
286,Gugilta,Steins;Gate Movie: Fuka Ryouiki no Déjà vu,Movie,1,6,Completed
301,Gugilta,Tenkuu no Shiro Laputa,Movie,1,6,Completed
307,Gugilta,Tonari no Totoro,Movie,1,6,Completed
30,Gugilta,Chihayafuru 2: Waga Miyo ni Furu Nagame Shima ni,OVA,1,6,Completed
70,Gugilta,FLCL,OVA,6,6,Completed
88,Gugilta,Haikyuu!!: Riku vs. Kuu,OVA,2,6,Completed
159,Gugilta,Kono Subarashii Sekai ni Shukufuku wo! 2: Kono Subarashii Geijutsu ni Shukufuku wo!,OVA,1,6,Completed
160,Gugilta,Kono Subarashii Sekai ni Shukufuku wo!: Kono Subarashii Choker ni Shukufuku wo!,OVA,1,6,Completed
186,Gugilta,Mirai Nikki: Redial,OVA,1,6,Completed
325,Gugilta,Yahari Ore no Seishun Love Comedy wa Machigatteiru. OVA,OVA,1,6,Completed
327,Gugilta,Yahari Ore no Seishun Love Comedy wa Machigatteiru. Zoku OVA,OVA,1,6,Completed
8,Gugilta,Amagami SS: Tachibana Miya-hen - Imouto,Special,1,6,Completed
10,Gugilta,Angel Beats! Specials,Special,2,6,Completed
39,Gugilta,"Clannad: After Story - Mou Hitotsu no Sekai, Kyou-hen",Special,1,6,Completed
40,Gugilta,"Clannad: Mou Hitotsu no Sekai, Tomoyo-hen",Special,1,6,Completed
99,Gugilta,Hibike! Euphonium: Kakedasu Monaka,Special,1,6,Completed
287,Gugilta,Steins;Gate: Kyoukaimenjou no Missing Link - Divide By Zero,Special,1,6,Completed
288,Gugilta,Steins;Gate: Oukoubakko no Poriomania,Special,1,6,Completed
37,Gugilta,Clannad,TV,23,6,Completed
47,Gugilta,Danshi Koukousei no Nichijou,TV,12,6,Completed
103,Gugilta,Honzuki no Gekokujou: Shisho ni Naru Tame ni wa Shudan wo Erandeiraremasen,TV,14,6,Completed
104,Gugilta,Honzuki no Gekokujou: Shisho ni Naru Tame ni wa Shudan wo Erandeiraremasen 2nd Season,TV,12,6,Completed
198,Gugilta,Nana,TV,47,6,Completed
305,Gugilta,Tokyo Magnitude 8.0,TV,11,6,Completed
308,Gugilta,Toradora!,TV,25,6,Completed
18,Gugilta,Bakemono no Ko,Movie,1,7,Completed
26,Gugilta,Byousoku 5 Centimeter,Movie,3,7,Completed
63,Gugilta,Fate/stay night Movie: Heaven's Feel - I. Presage Flower,Movie,1,7,Completed
95,Gugilta,Hello World,Movie,1,7,Completed
135,Gugilta,Kaze no Tani no Nausicaä,Movie,1,7,Completed
136,Gugilta,Kaze Tachinu,Movie,1,7,Completed
153,Gugilta,Kokoro ga Sakebitagatterunda.,Movie,1,7,Completed
156,Gugilta,Kono Sekai no Katasumi ni,Movie,1,7,Completed
162,Gugilta,Kotonoha no Niwa,Movie,1,7,Completed
184,Gugilta,Mind Game,Movie,1,7,Completed
187,Gugilta,Mirai no Mirai,Movie,1,7,Completed
192,Gugilta,Mononoke Hime,Movie,1,7,Completed
197,Gugilta,Nakitai Watashi wa Neko wo Kaburu,Movie,1,7,Completed
215,Gugilta,Omoide no Marnie,Movie,1,7,Completed
223,Gugilta,Paprika,Movie,1,7,Completed
235,Gugilta,Psycho-Pass: Sinners of the System Case.2 - First Guardian,Movie,1,7,Completed
236,Gugilta,Psycho-Pass: Sinners of the System Case.3 - Onshuu no Kanata ni＿＿,Movie,1,7,Completed
250,Gugilta,Sakasama no Patema,Movie,1,7,Completed
259,Gugilta,Sen to Chihiro no Kamikakushi,Movie,1,7,Completed
260,Gugilta,Sennen Joyuu,Movie,1,7,Completed
290,Gugilta,Stranger: Mukou Hadan,Movie,1,7,Completed
291,Gugilta,Summer Wars,Movie,1,7,Completed
300,Gugilta,Tenki no Ko,Movie,1,7,Completed
303,Gugilta,Toki wo Kakeru Shoujo,Movie,1,7,Completed
318,Gugilta,Violet Evergarden Gaiden: Eien to Jidou Shuki Ningyou,Movie,1,7,Completed
51,Gugilta,Devilman: Crybaby,ONA,10,7,Completed
165,Gugilta,Kubikiri Cycle: Aoiro Savant to Zaregototsukai,OVA,8,7,Completed
263,Gugilta,Shingeki no Kyojin OVA,OVA,3,7,Completed
267,Gugilta,Shingeki no Kyojin: Kuinaki Sentaku,OVA,2,7,Completed
268,Gugilta,Shingeki no Kyojin: Lost Girls,OVA,3,7,Completed
275,Gugilta,Shokugeki no Souma: Ni no Sara OVA,OVA,2,7,Completed
67,Gugilta,Fate/stay night: Unlimited Blade Works Prologue,Special,1,7,Completed
152,Gugilta,Kokoro Connect: Michi Random,Special,4,7,Completed
319,Gugilta,"Violet Evergarden: Kitto ""Ai"" wo Shiru Hi ga Kuru no Darou",Special,1,7,Completed
7,Gugilta,Amagami SS,TV,25,7,Completed
9,Gugilta,Angel Beats!,TV,13,7,Completed
11,Gugilta,Ano Hi Mita Hana no Namae wo Bokutachi wa Mada Shiranai.,TV,11,7,Completed
22,Gugilta,Barakamon,TV,12,7,Completed
27,Gugilta,Charlotte,TV,13,7,Completed
33,Gugilta,Chuunibyou demo Koi ga Shitai!,TV,12,7,Completed
43,Gugilta,Code Geass: Hangyaku no Lelouch,TV,25,7,Completed
65,Gugilta,Fate/stay night: Unlimited Blade Works,TV,12,7,Completed
66,Gugilta,Fate/stay night: Unlimited Blade Works 2nd Season,TV,13,7,Completed
68,Gugilta,Fate/Zero,TV,13,7,Completed
74,Gugilta,Gin no Saji,TV,11,7,Completed
75,Gugilta,Gin no Saji 2nd Season,TV,11,7,Completed
79,Gugilta,Grand Blue,TV,12,7,Completed
94,Gugilta,Hataraku Maou-sama!,TV,13,7,Completed
151,Gugilta,Kokoro Connect,TV,13,7,Completed
174,Gugilta,Made in Abyss,TV,13,7,Completed
178,Gugilta,Mahou Shoujo Madoka★Magica,TV,12,7,Completed
189,Gugilta,Mob Psycho 100,TV,12,7,Completed
204,Gugilta,Neon Genesis Evangelion,TV,26,7,Completed
207,Gugilta,NHK ni Youkoso!,TV,24,7,Completed
213,Gugilta,Noragami,TV,12,7,Completed
214,Gugilta,Noragami Aragoto,TV,13,7,Completed
216,Gugilta,One Outs,TV,25,7,Completed
217,Gugilta,One Punch Man,TV,12,7,Completed
227,Gugilta,Plastic Memories,TV,13,7,Completed
230,Gugilta,Psycho-Pass 2,TV,11,7,Completed
244,Gugilta,Saiki Kusuo no Ψ-nan,TV,120,7,Completed
251,Gugilta,Sakura-sou no Pet na Kanojo,TV,24,7,Completed
255,Gugilta,Sayonara Zetsubou Sensei,TV,12,7,Completed
270,Gugilta,Shinsekai yori,TV,25,7,Completed
280,Gugilta,Shouwa Genroku Rakugo Shinjuu,TV,13,7,Completed
281,Gugilta,Shouwa Genroku Rakugo Shinjuu: Sukeroku Futatabi-hen,TV,12,7,Completed
293,Gugilta,Suzumiya Haruhi no Yuuutsu,TV,14,7,Completed
294,Gugilta,Suzumiya Haruhi no Yuuutsu (2009),TV,14,7,Completed
296,Gugilta,Tanaka-kun wa Itsumo Kedaruge,TV,12,7,Completed
297,Gugilta,Tate no Yuusha no Nariagari,TV,25,7,Completed
306,Gugilta,Tonari no Kaibutsu-kun,TV,13,7,Completed
309,Gugilta,Tsuki ga Kirei,TV,12,7,Completed
321,Gugilta,Wotaku ni Koi wa Muzukashii,TV,11,7,Completed
324,Gugilta,Yahari Ore no Seishun Love Comedy wa Machigatteiru. Kan,TV,12,7,Completed
333,Gugilta,Youkoso Jitsuryoku Shijou Shugi no Kyoushitsu e (TV),TV,12,7,Completed
42,Gugilta,Code Geass: Fukkatsu no Lelouch,Movie,1,8,Completed
98,Gugilta,Hibike! Euphonium Movie 3: Chikai no Finale,Movie,1,8,Completed
176,Gugilta,Made in Abyss Movie 3: Fukaki Tamashii no Reimei,Movie,1,8,Completed
179,Gugilta,Mahou Shoujo Madoka★Magica Movie 3: Hangyaku no Monogatari,Movie,1,8,Completed
224,Gugilta,Perfect Blue,Movie,1,8,Completed
232,Gugilta,Psycho-Pass 3: First Inspector,Movie,3,8,Completed
241,Gugilta,Redline,Movie,1,8,Completed
292,Gugilta,Suzumiya Haruhi no Shoushitsu,Movie,1,8,Completed
246,Gugilta,Saiki Kusuo no Ψ-nan: Ψ-shidou-hen,ONA,6,8,Completed
243,Gugilta,ReLIFE: Kanketsu-hen,Special,4,8,Completed
247,Gugilta,Saiki Kusuo no Ψ-nan: Kanketsu-hen,Special,1,8,Completed
0,Gugilta,3-gatsu no Lion,TV,22,8,Completed
1,Gugilta,3-gatsu no Lion 2nd Season,TV,22,8,Completed
13,Gugilta,Ansatsu Kyoushitsu,TV,22,8,Completed
24,Gugilta,Boku dake ga Inai Machi,TV,12,8,Completed
38,Gugilta,Clannad: After Story,TV,24,8,Completed
44,Gugilta,Code Geass: Hangyaku no Lelouch R2,TV,25,8,Completed
50,Gugilta,Death Parade,TV,12,8,Completed
69,Gugilta,Fate/Zero 2nd Season,TV,12,8,Completed
73,Gugilta,Gekkan Shoujo Nozaki-kun,TV,12,8,Completed
81,Gugilta,Great Teacher Onizuka,TV,43,8,Completed
102,Gugilta,Hinamatsuri,TV,12,8,Completed
133,Gugilta,Katanagatari,TV,12,8,Completed
139,Gugilta,Kimetsu no Yaiba,TV,26,8,Completed
145,Gugilta,Kiseijuu: Sei no Kakuritsu,TV,24,8,Completed
185,Gugilta,Mirai Nikki,TV,26,8,Completed
190,Gugilta,Mob Psycho 100 II,TV,13,8,Completed
193,Gugilta,Monster,TV,74,8,Completed
229,Gugilta,Psycho-Pass,TV,22,8,Completed
231,Gugilta,Psycho-Pass 3,TV,8,8,Completed
239,Gugilta,Re:Zero kara Hajimeru Isekai Seikatsu 2nd Season,TV,13,8,Completed
242,Gugilta,ReLIFE,TV,13,8,Completed
245,Gugilta,Saiki Kusuo no Ψ-nan 2,TV,24,8,Completed
262,Gugilta,Shingeki no Kyojin,TV,25,8,Completed
264,Gugilta,Shingeki no Kyojin Season 2,TV,12,8,Completed
265,Gugilta,Shingeki no Kyojin Season 3,TV,12,8,Completed
266,Gugilta,Shingeki no Kyojin Season 3 Part 2,TV,10,8,Completed
272,Gugilta,Shokugeki no Souma,TV,24,8,Completed
273,Gugilta,Shokugeki no Souma: Gou no Sara,TV,13,8,Completed
274,Gugilta,Shokugeki no Souma: Ni no Sara,TV,13,8,Completed
284,Gugilta,Steins;Gate 0,TV,23,8,Completed
317,Gugilta,Violet Evergarden,TV,13,8,Completed
323,Gugilta,Yahari Ore no Seishun Love Comedy wa Machigatteiru.,TV,13,8,Completed
326,Gugilta,Yahari Ore no Seishun Love Comedy wa Machigatteiru. Zoku,TV,13,8,Completed
328,Gugilta,Yakusoku no Neverland,TV,12,8,Completed
161,Gugilta,Kono Subarashii Sekai ni Shukufuku wo!: Kurenai Densetsu,Movie,1,9,Completed
171,Gugilta,Liz to Aoi Tori,Movie,1,9,Completed
218,Gugilta,Ookami Kodomo no Ame to Yuki,Movie,1,9,Completed
254,Gugilta,Sayonara no Asa ni Yakusoku no Hana wo Kazarou,Movie,1,9,Completed
258,Gugilta,Seishun Buta Yarou wa Yumemiru Shoujo no Yume wo Minai,Movie,1,9,Completed
80,Gugilta,Great Pretender,ONA,23,9,Completed
14,Gugilta,Ansatsu Kyoushitsu 2nd Season,TV,25,9,Completed
49,Gugilta,Death Note,TV,37,9,Completed
85,Gugilta,Haikyuu!!,TV,25,9,Completed
86,Gugilta,Haikyuu!! Second Season,TV,25,9,Completed
87,Gugilta,Haikyuu!!: Karasuno Koukou vs. Shiratorizawa Gakuen Koukou,TV,10,9,Completed
89,Gugilta,Haikyuu!!: To the Top,TV,13,9,Completed
90,Gugilta,Haikyuu!!: To the Top 2nd Season,TV,12,9,Completed
96,Gugilta,Hibike! Euphonium,TV,13,9,Completed
97,Gugilta,Hibike! Euphonium 2,TV,13,9,Completed
134,Gugilta,Kaze ga Tsuyoku Fuiteiru,TV,23,9,Completed
138,Gugilta,Kill la Kill,TV,24,9,Completed
154,Gugilta,Kono Oto Tomare!,TV,13,9,Completed
157,Gugilta,Kono Subarashii Sekai ni Shukufuku wo!,TV,10,9,Completed
158,Gugilta,Kono Subarashii Sekai ni Shukufuku wo! 2,TV,10,9,Completed
210,Gugilta,No Game No Life,TV,12,9,Completed
238,Gugilta,Re:Zero kara Hajimeru Isekai Seikatsu,TV,25,9,Completed
271,Gugilta,Shirobako,TV,24,9,Completed
276,Gugilta,Shokugeki no Souma: San no Sara,TV,12,9,Completed
277,Gugilta,Shokugeki no Souma: San no Sara - Tootsuki Ressha-hen,TV,12,9,Completed
278,Gugilta,Shokugeki no Souma: Shin no Sara,TV,12,9,Completed
283,Gugilta,Steins;Gate,TV,24,9,Completed
330,Gugilta,Yojouhan Shinwa Taikei,TV,11,9,Completed
337,Gugilta,Zankyou no Terror,TV,11,9,Completed
17,HuhBuhDuh,Boruto: Naruto the Movie,Movie,1,0,Completed
37,HuhBuhDuh,Grisaia: Phantom Trigger The Animation,Movie,2,0,Completed
38,HuhBuhDuh,Grisaia: Phantom Trigger The Animation - Stargazer,Movie,1,0,Completed
52,HuhBuhDuh,Kimi no Na wa.,Movie,1,0,Completed
86,HuhBuhDuh,Seishun Buta Yarou wa Yumemiru Shoujo no Yume wo Minai,Movie,1,0,Completed
78,HuhBuhDuh,Rikei ga Koi ni Ochita no de Shoumei shitemita.,ONA,12,0,Plan to Watch
13,HuhBuhDuh,Boku no Kanojo ga Majimesugiru Sho-bitch na Ken OVA,OVA,1,0,Completed
67,HuhBuhDuh,"New Game!: Watashi, Shain Ryokou tte Hajimete nano de...",OVA,1,0,Completed
90,HuhBuhDuh,Shingeki no Kyojin OVA,OVA,3,0,Completed
95,HuhBuhDuh,Shingeki no Kyojin: Kuinaki Sentaku,OVA,2,0,Completed
96,HuhBuhDuh,Shingeki no Kyojin: Lost Girls,OVA,3,0,Completed
100,HuhBuhDuh,Shinmai Maou no Testament Burst: Toujou Basara no Shigoku Heiwa na Nichijou,OVA,1,0,Completed
101,HuhBuhDuh,Shinmai Maou no Testament Departures,OVA,1,0,Completed
102,HuhBuhDuh,Shinmai Maou no Testament: Toujou Basara no Hard Sweet na Nichijou,OVA,1,0,Completed
105,HuhBuhDuh,Shokugeki no Souma: Ni no Sara OVA,OVA,2,0,Completed
35,HuhBuhDuh,Grisaia no Meikyuu: Caprice no Mayu 0,Special,1,0,Completed
54,HuhBuhDuh,"Kobayashi-san Chi no Maid Dragon: Valentine, Soshite Onsen! - Amari Kitai Shinaide Kudasai",Special,1,0,Completed
85,HuhBuhDuh,Seishun Buta Yarou wa Bunny Girl Senpai no Yume wo Minai Picture Drama,Special,5,0,Completed
94,HuhBuhDuh,Shingeki no Kyojin: Ano Hi Kara,Special,1,0,Completed
0,HuhBuhDuh,3D Kanojo: Real Girl,TV,12,0,Completed
1,HuhBuhDuh,3D Kanojo: Real Girl 2nd Season,TV,12,0,Completed
2,HuhBuhDuh,5-toubun no Hanayome,TV,12,0,Completed
3,HuhBuhDuh,Aho Girl,TV,12,0,Completed
6,HuhBuhDuh,Asu no Yoichi!,TV,12,0,Completed
7,HuhBuhDuh,Boku dake ga Inai Machi,TV,12,0,Completed
8,HuhBuhDuh,Boku no Hero Academia,TV,13,0,Completed
9,HuhBuhDuh,Boku no Hero Academia 2nd Season,TV,25,0,Completed
10,HuhBuhDuh,Boku no Hero Academia 3rd Season,TV,25,0,Completed
11,HuhBuhDuh,Boku no Hero Academia 4th Season,TV,25,0,Completed
12,HuhBuhDuh,Boku no Kanojo ga Majimesugiru Sho-bitch na Ken,TV,10,0,Completed
14,HuhBuhDuh,Boku wa Tomodachi ga Sukunai,TV,12,0,Completed
15,HuhBuhDuh,Boku wa Tomodachi ga Sukunai Next,TV,12,0,Completed
19,HuhBuhDuh,Charlotte,TV,13,0,Completed
20,HuhBuhDuh,Chobits,TV,26,0,Completed
21,HuhBuhDuh,Citrus,TV,12,0,Completed
22,HuhBuhDuh,Darwin's Game,TV,11,0,Completed
23,HuhBuhDuh,Death Note,TV,37,0,Completed
24,HuhBuhDuh,Domestic na Kanojo,TV,12,0,Completed
25,HuhBuhDuh,Dr. Stone,TV,24,0,Completed
27,HuhBuhDuh,Eromanga-sensei,TV,12,0,Completed
28,HuhBuhDuh,Fairy Tail,TV,175,0,Completed
29,HuhBuhDuh,Fairy Tail (2014),TV,102,0,Completed
30,HuhBuhDuh,Fairy Tail: Final Series,TV,51,0,Completed
31,HuhBuhDuh,Fullmetal Alchemist,TV,51,0,Completed
32,HuhBuhDuh,Gamers!,TV,12,0,Completed
33,HuhBuhDuh,Golden Time,TV,24,0,Completed
34,HuhBuhDuh,Grisaia no Kajitsu,TV,13,0,Completed
36,HuhBuhDuh,Grisaia no Rakuen,TV,10,0,Completed
39,HuhBuhDuh,H2O: Footprints in the Sand,TV,12,0,Completed
40,HuhBuhDuh,Hajimete no Gal,TV,10,0,Completed
41,HuhBuhDuh,High School DxD,TV,12,0,Completed
42,HuhBuhDuh,High School DxD BorN,TV,12,0,Completed
43,HuhBuhDuh,High School DxD New,TV,12,0,Completed
44,HuhBuhDuh,Highschool of the Dead,TV,12,0,Completed
45,HuhBuhDuh,Isekai wa Smartphone to Tomo ni.,TV,12,0,Completed
46,HuhBuhDuh,K,TV,13,0,Completed
47,HuhBuhDuh,Kaguya-sama wa Kokurasetai: Tensai-tachi no Renai Zunousen,TV,12,0,Completed
48,HuhBuhDuh,Kakushigoto (TV),TV,12,0,Completed
49,HuhBuhDuh,"Kanojo, Okarishimasu",TV,12,0,Completed
50,HuhBuhDuh,Karakai Jouzu no Takagi-san,TV,12,0,Completed
53,HuhBuhDuh,Kobayashi-san Chi no Maid Dragon,TV,13,0,Completed
55,HuhBuhDuh,Koi to Uso,TV,12,0,Completed
57,HuhBuhDuh,Mirai Nikki,TV,26,0,Completed
58,HuhBuhDuh,Mondaiji-tachi ga Isekai kara Kuru Sou Desu yo?,TV,10,0,Completed
59,HuhBuhDuh,Monster Musume no Iru Nichijou,TV,12,0,Completed
60,HuhBuhDuh,Nanatsu no Taizai,TV,24,0,Completed
61,HuhBuhDuh,Nanatsu no Taizai: Imashime no Fukkatsu,TV,24,0,Completed
62,HuhBuhDuh,Nanatsu no Taizai: Seisen no Shirushi,TV,4,0,Completed
63,HuhBuhDuh,Naruto,TV,220,0,Completed
64,HuhBuhDuh,Naruto: Shippuuden,TV,500,0,Completed
65,HuhBuhDuh,New Game!,TV,12,0,Completed
66,HuhBuhDuh,New Game!!,TV,12,0,Completed
68,HuhBuhDuh,No Game No Life,TV,12,0,Completed
69,HuhBuhDuh,Noragami,TV,12,0,Completed
70,HuhBuhDuh,Noragami Aragoto,TV,13,0,Completed
72,HuhBuhDuh,Ore no Kanojo to Osananajimi ga Shuraba Sugiru,TV,13,0,Completed
73,HuhBuhDuh,Plastic Memories,TV,13,0,Completed
74,HuhBuhDuh,Princess Connect! Re:Dive,TV,13,0,Completed
75,HuhBuhDuh,Rakudai Kishi no Cavalry,TV,12,0,Completed
76,HuhBuhDuh,Re:Zero kara Hajimeru Isekai Seikatsu,TV,25,0,Completed
77,HuhBuhDuh,Renai Boukun,TV,12,0,Completed
79,HuhBuhDuh,Rokudenashi Majutsu Koushi to Akashic Records,TV,12,0,Completed
81,HuhBuhDuh,School Days,TV,12,0,Completed
83,HuhBuhDuh,Seiren,TV,12,0,Completed
84,HuhBuhDuh,Seishun Buta Yarou wa Bunny Girl Senpai no Yume wo Minai,TV,13,0,Completed
87,HuhBuhDuh,Sekirei,TV,12,0,Completed
88,HuhBuhDuh,Sekirei: Pure Engagement,TV,13,0,Completed
89,HuhBuhDuh,Shingeki no Kyojin,TV,25,0,Completed
91,HuhBuhDuh,Shingeki no Kyojin Season 2,TV,12,0,Completed
92,HuhBuhDuh,Shingeki no Kyojin Season 3,TV,12,0,Completed
93,HuhBuhDuh,Shingeki no Kyojin Season 3 Part 2,TV,10,0,Completed
97,HuhBuhDuh,Shingeki! Kyojin Chuugakkou,TV,12,0,Completed
98,HuhBuhDuh,Shinmai Maou no Testament,TV,12,0,Completed
99,HuhBuhDuh,Shinmai Maou no Testament Burst,TV,10,0,Completed
103,HuhBuhDuh,Shokugeki no Souma,TV,24,0,Completed
104,HuhBuhDuh,Shokugeki no Souma: Ni no Sara,TV,13,0,Completed
106,HuhBuhDuh,Shokugeki no Souma: San no Sara,TV,12,0,Completed
107,HuhBuhDuh,Shokugeki no Souma: San no Sara - Tootsuki Ressha-hen,TV,12,0,Completed
108,HuhBuhDuh,Steins;Gate,TV,24,0,Completed
110,HuhBuhDuh,Sword Art Online,TV,25,0,Completed
111,HuhBuhDuh,Sword Art Online II,TV,24,0,Completed
116,HuhBuhDuh,Yahari Ore no Seishun Love Comedy wa Machigatteiru.,TV,13,0,Completed
117,HuhBuhDuh,Yahari Ore no Seishun Love Comedy wa Machigatteiru. Kan,TV,12,0,Completed
118,HuhBuhDuh,Yahari Ore no Seishun Love Comedy wa Machigatteiru. Zoku,TV,13,0,Completed
119,HuhBuhDuh,Yakusoku no Neverland,TV,12,0,Completed
120,HuhBuhDuh,Youkoso Jitsuryoku Shijou Shugi no Kyoushitsu e (TV),TV,12,0,Completed
121,HuhBuhDuh,Zero no Tsukaima,TV,13,0,Completed
122,HuhBuhDuh,Zero no Tsukaima F,TV,12,0,Completed
123,HuhBuhDuh,Zero no Tsukaima: Futatsuki no Kishi,TV,12,0,Completed
124,HuhBuhDuh,Zero no Tsukaima: Princesses no Rondo,TV,12,0,Completed
4,HuhBuhDuh,Angel Beats!,TV,13,0,Dropped
5,HuhBuhDuh,Ansatsu Kyoushitsu,TV,22,0,Dropped
18,HuhBuhDuh,Campione!: Matsurowanu Kamigami to Kamigoroshi no Maou,TV,13,0,Dropped
26,HuhBuhDuh,Dumbbell Nan Kilo Moteru?,TV,12,0,Dropped
56,HuhBuhDuh,Made in Abyss,TV,13,0,Dropped
71,HuhBuhDuh,One Punch Man,TV,12,0,Dropped
82,HuhBuhDuh,Seiken Tsukai no World Break,TV,12,0,Dropped
109,HuhBuhDuh,Steins;Gate 0,TV,23,0,Dropped
112,HuhBuhDuh,Tate no Yuusha no Nariagari,TV,25,0,Dropped
113,HuhBuhDuh,Tokyo Ghoul,TV,12,0,Dropped
51,HuhBuhDuh,Kawaikereba Hentai demo Suki ni Natte Kuremasu ka?,TV,12,0,Plan to Watch
80,HuhBuhDuh,Saenai Heroine no Sodatekata,TV,12,0,Plan to Watch
16,HuhBuhDuh,Boruto: Naruto Next Generations,TV,0,0,Watching
114,HuhBuhDuh,Tonikaku Kawaii,TV,12,0,Watching
115,HuhBuhDuh,Watashi ni Tenshi ga Maiorita!,TV,12,0,Watching
111,Tijmuffin,Akira,MOVIE,1,0,Plan to Watch
112,Tijmuffin,REDLINE,MOVIE,1,0,Plan to Watch
116,Tijmuffin,Mononoke-hime,MOVIE,1,0,Plan to Watch
122,Tijmuffin,Shin Seiki Evangelion: THE END OF EVANGELION,MOVIE,1,0,Plan to Watch
123,Tijmuffin,Kimi no Na wa.,MOVIE,1,0,Plan to Watch
124,Tijmuffin,Koe no Katachi,MOVIE,1,0,Plan to Watch
126,Tijmuffin,Stranger: Mukoh Hadan,MOVIE,1,0,Plan to Watch
108,Tijmuffin,World Trigger,TV,73,0,Dropped
21,Tijmuffin,Pocket Monsters Advanced Generation,TV,192,0,On-Hold
71,Tijmuffin,Pocket Monsters Advanced Generation,TV,192,0,On-Hold
101,Tijmuffin,Kenpuu Denki Berserk,TV,25,0,On-Hold
107,Tijmuffin,Initial D,TV,26,0,On-Hold
109,Tijmuffin,Yakusoku no Neverland,TV,12,0,Plan to Watch
110,Tijmuffin,Death Note,TV,37,0,Plan to Watch
113,Tijmuffin,Mob Psycho 100,TV,12,0,Plan to Watch
114,Tijmuffin,Mob Psycho 100 II,TV,13,0,Plan to Watch
115,Tijmuffin,Hunter x Hunter (2011),TV,148,0,Plan to Watch
117,Tijmuffin,Steins;Gate,TV,24,0,Plan to Watch
118,Tijmuffin,Cowboy Bebop,TV,26,0,Plan to Watch
119,Tijmuffin,Samurai Champloo,TV,26,0,Plan to Watch
120,Tijmuffin,Violet Evergarden,TV,13,0,Plan to Watch
121,Tijmuffin,Shin Seiki Evangelion,TV,26,0,Plan to Watch
127,Tijmuffin,Ping Pong THE ANIMATION,TV,11,0,Plan to Watch
128,Tijmuffin,Haikyuu!!,TV,25,0,Plan to Watch
129,Tijmuffin,Gakkou no Kaidan,TV,19,0,Watching
6,Tijmuffin,Shingeki no Kyojin 3 Part 2,TV,10,10,Completed
56,Tijmuffin,Shingeki no Kyojin 3 Part 2,TV,10,10,Completed
0,Tijmuffin,Shingeki no Kyojin: The Final Season,TV,16,10,Watching
50,Tijmuffin,Shingeki no Kyojin: The Final Season,TV,16,10,Watching
16,Tijmuffin,Naruto the Movie: Dai Katsugeki! Yuki Hime Shinobu Houjou Dattebayo!!,MOVIE,1,6,Completed
29,Tijmuffin,Digimon Adventure tri. 5: Kyousei,MOVIE,1,6,Completed
30,Tijmuffin,Digimon Adventure tri. 6: Bokura no Mirai,MOVIE,1,6,Completed
66,Tijmuffin,Naruto the Movie: Dai Katsugeki! Yuki Hime Shinobu Houjou Dattebayo!!,MOVIE,1,6,Completed
79,Tijmuffin,Digimon Adventure tri. 5: Kyousei,MOVIE,1,6,Completed
80,Tijmuffin,Digimon Adventure tri. 6: Bokura no Mirai,MOVIE,1,6,Completed
125,Tijmuffin,First Squad: The Moment of Truth,MOVIE,1,6,Completed
32,Tijmuffin,"Gate: Jieitai Kanochi nite, Kaku Tatakaeri",TV,12,6,Completed
49,Tijmuffin,Pocket Monsters Best Wishes!,TV,84,6,Completed
82,Tijmuffin,"Gate: Jieitai Kanochi nite, Kaku Tatakaeri",TV,12,6,Completed
99,Tijmuffin,Pocket Monsters Best Wishes!,TV,84,6,Completed
104,Tijmuffin,Metal Fight Beyblade,TV,51,6,Completed
105,Tijmuffin,Metal Fight Beyblade: Baku,TV,51,6,Completed
106,Tijmuffin,Metal Fight Beyblade 4D,TV,52,6,Completed
13,Tijmuffin,Hagane no Renkinjutsushi: Shamballa wo Yuku Mono,MOVIE,1,7,Completed
24,Tijmuffin,Digimon Adventure 02: Diablomon no Gyakushuu,MOVIE,1,7,Completed
25,Tijmuffin,Digimon Adventure tri. 1: Saikai,MOVIE,1,7,Completed
26,Tijmuffin,Digimon Adventure tri. 2: Ketsui,MOVIE,1,7,Completed
28,Tijmuffin,Digimon Adventure tri. 4: Soushitsu,MOVIE,1,7,Completed
43,Tijmuffin,Boku no Hero Academia the Movie: Futari no Hero,MOVIE,1,7,Completed
63,Tijmuffin,Hagane no Renkinjutsushi: Shamballa wo Yuku Mono,MOVIE,1,7,Completed
74,Tijmuffin,Digimon Adventure 02: Diablomon no Gyakushuu,MOVIE,1,7,Completed
75,Tijmuffin,Digimon Adventure tri. 1: Saikai,MOVIE,1,7,Completed
76,Tijmuffin,Digimon Adventure tri. 2: Ketsui,MOVIE,1,7,Completed
78,Tijmuffin,Digimon Adventure tri. 4: Soushitsu,MOVIE,1,7,Completed
93,Tijmuffin,Boku no Hero Academia the Movie: Futari no Hero,MOVIE,1,7,Completed
15,Tijmuffin,Naruto,TV,220,7,Completed
22,Tijmuffin,Digimon Adventure,TV,54,7,Completed
23,Tijmuffin,Digimon Adventure 02,TV,50,7,Completed
33,Tijmuffin,"Gate: Jieitai Kanochi nite, Kaku Tatakaeri 2",TV,12,7,Completed
36,Tijmuffin,One Punch Man 2,TV,12,7,Completed
37,Tijmuffin,Digimon Tamers,TV,51,7,Completed
42,Tijmuffin,Boku no Hero Academia 4,TV,25,7,Completed
65,Tijmuffin,Naruto,TV,220,7,Completed
72,Tijmuffin,Digimon Adventure,TV,54,7,Completed
73,Tijmuffin,Digimon Adventure 02,TV,50,7,Completed
83,Tijmuffin,"Gate: Jieitai Kanochi nite, Kaku Tatakaeri 2",TV,12,7,Completed
86,Tijmuffin,One Punch Man 2,TV,12,7,Completed
87,Tijmuffin,Digimon Tamers,TV,51,7,Completed
92,Tijmuffin,Boku no Hero Academia 4,TV,25,7,Completed
102,Tijmuffin,Bakugan Battle Brawlers,TV,52,7,Completed
103,Tijmuffin,Bakugan Battle Brawlers: New Vestroia,TV,52,7,Completed
20,Tijmuffin,Pocket Monsters,TV,276,7,On-Hold
70,Tijmuffin,Pocket Monsters,TV,276,7,On-Hold
100,Tijmuffin,Pocket Monsters XY,TV,94,7,On-Hold
18,Tijmuffin,THE LAST: NARUTO THE MOVIE,MOVIE,1,8,Completed
27,Tijmuffin,Digimon Adventure tri. 3: Kokuhaku,MOVIE,1,8,Completed
31,Tijmuffin,Digimon Adventure: Last Evolution Kizuna,MOVIE,1,8,Completed
68,Tijmuffin,THE LAST: NARUTO THE MOVIE,MOVIE,1,8,Completed
77,Tijmuffin,Digimon Adventure tri. 3: Kokuhaku,MOVIE,1,8,Completed
81,Tijmuffin,Digimon Adventure: Last Evolution Kizuna,MOVIE,1,8,Completed
2,Tijmuffin,Shingeki no Kyojin Gaiden: Kuinaki Sentaku,OVA,2,8,Completed
5,Tijmuffin,Shingeki no Kyojin: Lost Girls,OVA,3,8,Completed
35,Tijmuffin,One Punch Man OVA,OVA,6,8,Completed
52,Tijmuffin,Shingeki no Kyojin Gaiden: Kuinaki Sentaku,OVA,2,8,Completed
55,Tijmuffin,Shingeki no Kyojin: Lost Girls,OVA,3,8,Completed
85,Tijmuffin,One Punch Man OVA,OVA,6,8,Completed
7,Tijmuffin,JoJo no Kimyou na Bouken,TV,26,8,Completed
8,Tijmuffin,JoJo no Kimyou na Bouken: Stardust Crusaders,TV,24,8,Completed
9,Tijmuffin,JoJo no Kimyou na Bouken: Stardust Crusaders - Egypt-hen,TV,24,8,Completed
10,Tijmuffin,JoJo no Kimyou na Bouken: Diamond wa Kudakenai,TV,39,8,Completed
11,Tijmuffin,JoJo no Kimyou na Bouken: Ougon no Kaze,TV,39,8,Completed
12,Tijmuffin,Hagane no Renkinjutsushi,TV,51,8,Completed
17,Tijmuffin,Naruto: Shippuuden,TV,500,8,Completed
19,Tijmuffin,Boku dake ga Inai Machi,TV,12,8,Completed
38,Tijmuffin,Kiseijuu: Sei no Kakuritsu,TV,24,8,Completed
39,Tijmuffin,Boku no Hero Academia,TV,13,8,Completed
40,Tijmuffin,Boku no Hero Academia 2,TV,25,8,Completed
41,Tijmuffin,Boku no Hero Academia 3,TV,25,8,Completed
44,Tijmuffin,Shinsekai yori,TV,25,8,Completed
57,Tijmuffin,JoJo no Kimyou na Bouken,TV,26,8,Completed
58,Tijmuffin,JoJo no Kimyou na Bouken: Stardust Crusaders,TV,24,8,Completed
59,Tijmuffin,JoJo no Kimyou na Bouken: Stardust Crusaders - Egypt-hen,TV,24,8,Completed
60,Tijmuffin,JoJo no Kimyou na Bouken: Diamond wa Kudakenai,TV,39,8,Completed
61,Tijmuffin,JoJo no Kimyou na Bouken: Ougon no Kaze,TV,39,8,Completed
62,Tijmuffin,Hagane no Renkinjutsushi,TV,51,8,Completed
67,Tijmuffin,Naruto: Shippuuden,TV,500,8,Completed
69,Tijmuffin,Boku dake ga Inai Machi,TV,12,8,Completed
88,Tijmuffin,Kiseijuu: Sei no Kakuritsu,TV,24,8,Completed
89,Tijmuffin,Boku no Hero Academia,TV,13,8,Completed
90,Tijmuffin,Boku no Hero Academia 2,TV,25,8,Completed
91,Tijmuffin,Boku no Hero Academia 3,TV,25,8,Completed
94,Tijmuffin,Shinsekai yori,TV,25,8,Completed
46,Tijmuffin,Dragon Ball,TV,153,8,On-Hold
47,Tijmuffin,Dragon Ball Kai,TV,97,8,On-Hold
96,Tijmuffin,Dragon Ball,TV,153,8,On-Hold
97,Tijmuffin,Dragon Ball Kai,TV,97,8,On-Hold
45,Tijmuffin,Sen to Chihiro no Kamikakushi,MOVIE,1,9,Completed
48,Tijmuffin,Dragon Ball Super: Broly,MOVIE,1,9,Completed
95,Tijmuffin,Sen to Chihiro no Kamikakushi,MOVIE,1,9,Completed
98,Tijmuffin,Dragon Ball Super: Broly,MOVIE,1,9,Completed
1,Tijmuffin,Shingeki no Kyojin,TV,25,9,Completed
3,Tijmuffin,Shingeki no Kyojin 2,TV,12,9,Completed
4,Tijmuffin,Shingeki no Kyojin 3,TV,12,9,Completed
14,Tijmuffin,Hagane no Renkinjutsushi: Fullmetal Alchemist,TV,64,9,Completed
34,Tijmuffin,One Punch Man,TV,12,9,Completed
51,Tijmuffin,Shingeki no Kyojin,TV,25,9,Completed
53,Tijmuffin,Shingeki no Kyojin 2,TV,12,9,Completed
54,Tijmuffin,Shingeki no Kyojin 3,TV,12,9,Completed
64,Tijmuffin,Hagane no Renkinjutsushi: Fullmetal Alchemist,TV,64,9,Completed
84,Tijmuffin,One Punch Man,TV,12,9,Completed
27,Tristatic,Boruto: Naruto the Movie,Movie,1,0,Completed
58,Tristatic,Dragon Ball Z Movie 14: Kami to Kami,Movie,1,0,Completed
86,Tristatic,Hotaru no Haka,Movie,1,0,Completed
163,Tristatic,No Game No Life: Zero,Movie,1,0,Completed
179,Tristatic,Pokemon Movie 01: Mewtwo no Gyakushuu,Movie,1,0,Completed
180,Tristatic,Pokemon Movie 02: Maboroshi no Pokemon Lugia Bakutan,Movie,1,0,Completed
178,Tristatic,Pokemon Generations,ONA,18,0,Completed
78,Tristatic,Grisaia no Meikyuu: Caprice no Mayu 0,Special,1,0,Plan to Watch
8,Tristatic,Amagi Brilliant Park,TV,13,0,Completed
9,Tristatic,Angel Beats!,TV,13,0,Completed
18,Tristatic,Boku dake ga Inai Machi,TV,12,0,Completed
30,Tristatic,Captain Tsubasa: Road to 2002,TV,52,0,Completed
37,Tristatic,Chuunibyou demo Koi ga Shitai!,TV,12,0,Completed
67,Tristatic,Fruits Basket 1st Season,TV,25,0,Completed
73,Tristatic,Gintama°,TV,51,0,Completed
74,Tristatic,Girls & Panzer,TV,12,0,Completed
77,Tristatic,Grisaia no Kajitsu,TV,13,0,Completed
111,Tristatic,Kill la Kill,TV,24,0,Completed
145,Tristatic,Metal Fight Beyblade,TV,51,0,Completed
146,Tristatic,Metal Fight Beyblade: Baku,TV,51,0,Completed
176,Tristatic,Pokemon,TV,276,0,Completed
177,Tristatic,Pokemon Advanced Generation,TV,192,0,Completed
181,Tristatic,Pokemon XY,TV,93,0,Completed
219,Tristatic,Special A,TV,24,0,Completed
226,Tristatic,Sword Art Online Alternative: Gun Gale Online,TV,12,0,Completed
243,Tristatic,Tokyo Ravens,TV,24,0,Completed
12,Tristatic,Another,TV,12,0,Plan to Watch
16,Tristatic,Beelzebub,TV,60,0,Plan to Watch
23,Tristatic,Boku no Hero Academia 5th Season,TV,0,0,Plan to Watch
93,Tristatic,Itai no wa Iya nano de Bougyoryoku ni Kyokufuri Shitai to Omoimasu.,TV,12,0,Plan to Watch
106,Tristatic,Kami nomi zo Shiru Sekai,TV,12,0,Plan to Watch
138,Tristatic,Magi: The Labyrinth of Magic,TV,25,0,Plan to Watch
149,Tristatic,Mob Psycho 100,TV,12,0,Plan to Watch
3,Tristatic,5-toubun no Hanayome ∬,TV,12,0,Watching
51,Tristatic,Dr. Stone: Stone Wars,TV,11,0,Watching
63,Tristatic,Fate/stay night,TV,24,0,Watching
85,Tristatic,Horimiya,TV,13,0,Watching
96,Tristatic,Jaku-Chara Tomozaki-kun,TV,12,0,Watching
102,Tristatic,Kaifuku Jutsushi no Yarinaoshi,TV,12,0,Watching
136,Tristatic,Log Horizon: Entaku Houkai,TV,12,0,Watching
140,Tristatic,Mahou Shoujo Madoka★Magica,TV,12,0,Watching
186,Tristatic,Re:Zero kara Hajimeru Isekai Seikatsu 2nd Season Part 2,TV,12,0,Watching
210,Tristatic,Shingeki no Kyojin: The Final Season,TV,16,0,Watching
236,Tristatic,Tensei shitara Slime Datta Ken 2nd Season,TV,12,0,Watching
250,Tristatic,Wonder Egg Priority,TV,12,0,Watching
257,Tristatic,Yakusoku no Neverland 2nd Season,TV,11,0,Watching
264,Tristatic,Yuru Camp△ Season 2,TV,13,0,Watching
234,Tristatic,Tenki no Ko,Movie,1,10,Completed
55,Tristatic,Dragon Ball Super,TV,131,10,Completed
201,Tristatic,Seishun Buta Yarou wa Bunny Girl Senpai no Yume wo Minai,TV,13,10,Completed
220,Tristatic,Steins;Gate,TV,24,10,Completed
253,Tristatic,Yahari Ore no Seishun Love Comedy wa Machigatteiru.,TV,13,10,Completed
47,Tristatic,Dive!!,TV,12,4,Completed
159,Tristatic,Net-juu no Susume,ONA,10,5,Completed
17,Tristatic,Blend S,TV,12,5,Completed
40,Tristatic,Classroom☆Crisis,TV,13,5,Completed
53,Tristatic,Dragon Ball GT,TV,64,5,Completed
71,Tristatic,Gamers!,TV,12,5,Completed
91,Tristatic,Isekai wa Smartphone to Tomo ni.,TV,12,5,Completed
110,Tristatic,Kenja no Mago,TV,12,5,Completed
183,Tristatic,Rakudai Kishi no Cavalry,TV,12,5,Completed
191,Tristatic,Saenai Heroine no Sodatekata,TV,12,5,Completed
199,Tristatic,School Rumble,TV,26,5,Completed
200,Tristatic,Seiren,TV,12,5,Completed
28,Tristatic,Byousoku 5 Centimeter,Movie,3,6,Completed
87,Tristatic,Hotarubi no Mori e,Movie,1,6,Completed
150,Tristatic,Momokuri,ONA,26,6,Completed
1,Tristatic,3D Kanojo: Real Girl 2nd Season,TV,12,6,Completed
4,Tristatic,91 Days,TV,12,6,Completed
5,Tristatic,Accel World,TV,24,6,Completed
25,Tristatic,Boku wa Tomodachi ga Sukunai Next,TV,12,6,Completed
33,Tristatic,ChäoS;Child,TV,12,6,Completed
34,Tristatic,ChäoS;HEAd,TV,12,6,Completed
38,Tristatic,Citrus,TV,12,6,Completed
45,Tristatic,Death Note,TV,37,6,Completed
48,Tristatic,Domestic na Kanojo,TV,12,6,Completed
54,Tristatic,Dragon Ball Kai,TV,97,6,Completed
59,Tristatic,Eromanga-sensei,TV,12,6,Completed
75,Tristatic,Golden Time,TV,24,6,Completed
79,Tristatic,Guilty Crown,TV,22,6,Completed
123,Tristatic,Konbini Kareshi,TV,12,6,Completed
132,Tristatic,Listeners,TV,12,6,Completed
144,Tristatic,Masamune-kun no Revenge,TV,12,6,Completed
156,Tristatic,Nande Koko ni Sensei ga!?,TV,12,6,Completed
160,Tristatic,Nijiiro Days,TV,24,6,Completed
169,Tristatic,Ore Monogatari!!,TV,24,6,Completed
171,Tristatic,Ouran Koukou Host Club,TV,26,6,Completed
189,Tristatic,Renai Boukun,TV,12,6,Completed
192,Tristatic,Saenai Heroine no Sodatekata ♭,TV,11,6,Completed
196,Tristatic,Sakurada Reset,TV,24,6,Completed
212,Tristatic,Shokugeki no Souma: Gou no Sara,TV,13,6,Completed
240,Tristatic,Tokyo Ghoul:re,TV,12,6,Completed
241,Tristatic,Tokyo Ghoul:re 2nd Season,TV,12,6,Completed
251,Tristatic,Working!!!,TV,13,6,Completed
42,Tristatic,Dareka no Manazashi,Movie,1,7,Completed
56,Tristatic,Dragon Ball Super Movie: Broly,Movie,1,7,Completed
127,Tristatic,Kotonoha no Niwa,Movie,1,7,Completed
194,Tristatic,Sakasama no Patema,Movie,1,7,Completed
222,Tristatic,Steins;Gate Movie: Fuka Ryouiki no Déjà vu,Movie,1,7,Completed
139,Tristatic,Magic Kaito,Special,12,7,Completed
188,Tristatic,ReLIFE: Kanketsu-hen,Special,4,7,Completed
0,Tristatic,3D Kanojo: Real Girl,TV,12,7,Completed
2,Tristatic,5-toubun no Hanayome,TV,12,7,Completed
6,Tristatic,Aho Girl,TV,12,7,Completed
7,Tristatic,Akkun to Kanojo,TV,25,7,Completed
13,Tristatic,Ao Haru Ride,TV,12,7,Completed
14,Tristatic,Arifureta Shokugyou de Sekai Saikyou,TV,13,7,Completed
24,Tristatic,Boku wa Tomodachi ga Sukunai,TV,12,7,Completed
36,Tristatic,Chobits,TV,26,7,Completed
39,Tristatic,Clannad,TV,23,7,Completed
44,Tristatic,Darwin's Game,TV,11,7,Completed
46,Tristatic,Death Parade,TV,12,7,Completed
49,Tristatic,Dorohedoro,TV,12,7,Completed
52,Tristatic,Dragon Ball,TV,153,7,Completed
66,Tristatic,Fruits Basket,TV,26,7,Completed
68,Tristatic,Fullmetal Alchemist,TV,51,7,Completed
72,Tristatic,Gintama,TV,201,7,Completed
89,Tristatic,Isekai Quartet,TV,12,7,Completed
90,Tristatic,Isekai Shokudou,TV,12,7,Completed
94,Tristatic,Itazura na Kiss,TV,25,7,Completed
95,Tristatic,Itsudatte Bokura no Koi wa 10 cm Datta.,TV,6,7,Completed
97,Tristatic,Joker Game,TV,12,7,Completed
98,Tristatic,Just Because!,TV,12,7,Completed
101,Tristatic,Kaichou wa Maid-sama!,TV,26,7,Completed
104,Tristatic,Kakegurui××,TV,12,7,Completed
105,Tristatic,Kakushigoto (TV),TV,12,7,Completed
108,Tristatic,Karakai Jouzu no Takagi-san,TV,12,7,Completed
109,Tristatic,Karakai Jouzu no Takagi-san 2,TV,12,7,Completed
113,Tristatic,Kimi ni Todoke,TV,25,7,Completed
119,Tristatic,Kishuku Gakkou no Juliet,TV,12,7,Completed
122,Tristatic,Kokoro Connect,TV,13,7,Completed
124,Tristatic,Kono Bijutsubu ni wa Mondai ga Aru!,TV,12,7,Completed
129,Tristatic,Kuroko no Basket,TV,25,7,Completed
130,Tristatic,Kuroko no Basket 2nd Season,TV,25,7,Completed
131,Tristatic,Kuroko no Basket 3rd Season,TV,25,7,Completed
137,Tristatic,Lovely★Complex,TV,24,7,Completed
141,Tristatic,Mahouka Koukou no Rettousei,TV,26,7,Completed
142,Tristatic,Mahouka Koukou no Rettousei: Raihousha-hen,TV,13,7,Completed
147,Tristatic,Mirai Nikki,TV,26,7,Completed
154,Tristatic,Nanatsu no Taizai,TV,24,7,Completed
155,Tristatic,Nanatsu no Taizai: Kamigami no Gekirin,TV,24,7,Completed
157,Tristatic,Naruto,TV,220,7,Completed
164,Tristatic,Noragami,TV,12,7,Completed
168,Tristatic,Orange,TV,13,7,Completed
170,Tristatic,Ore no Kanojo to Osananajimi ga Shuraba Sugiru,TV,13,7,Completed
173,Tristatic,Overlord II,TV,13,7,Completed
174,Tristatic,Overlord III,TV,13,7,Completed
175,Tristatic,Plastic Memories,TV,13,7,Completed
182,Tristatic,Psycho-Pass,TV,22,7,Completed
193,Tristatic,Sakamoto Desu ga?,TV,12,7,Completed
205,Tristatic,Shinchou Yuusha: Kono Yuusha ga Ore Tueee Kuse ni Shinchou Sugiru,TV,12,7,Completed
217,Tristatic,Skip Beat!,TV,25,7,Completed
224,Tristatic,Suzumiya Haruhi no Yuuutsu (2009),TV,14,7,Completed
225,Tristatic,Sword Art Online,TV,25,7,Completed
227,Tristatic,Sword Art Online II,TV,24,7,Completed
231,Tristatic,Sword Art Online: Alicization - War of Underworld 2nd Season,TV,11,7,Completed
238,Tristatic,Tokyo Ghoul,TV,12,7,Completed
239,Tristatic,Tokyo Ghoul √A,TV,12,7,Completed
247,Tristatic,Tsuki ga Kirei,TV,12,7,Completed
248,Tristatic,Tsurezure Children,TV,12,7,Completed
252,Tristatic,Wotaku ni Koi wa Muzukashii,TV,11,7,Completed
258,Tristatic,Yamada-kun to 7-nin no Majo (TV),TV,12,7,Completed
259,Tristatic,Yami Shibai,TV,13,7,Completed
260,Tristatic,Yami Shibai 2,TV,13,7,Completed
261,Tristatic,Yesterday wo Utatte,TV,12,7,Completed
263,Tristatic,Yuru Camp△,TV,12,7,Completed
26,Tristatic,Boruto: Naruto Next Generations,TV,0,7,Watching
11,Tristatic,Ano Hi Mita Hana no Namae wo Bokutachi wa Mada Shiranai. Movie,Movie,1,8,Completed
70,Tristatic,Gake no Ue no Ponyo,Movie,1,8,Completed
116,Tristatic,Kimi no Suizou wo Tabetai,Movie,1,8,Completed
117,Tristatic,"Kimi to, Nami ni Noretara",Movie,1,8,Completed
128,Tristatic,"Kumo no Mukou, Yakusoku no Basho",Movie,1,8,Completed
143,Tristatic,Majo no Takkyuubin,Movie,1,8,Completed
153,Tristatic,Nakitai Watashi wa Neko wo Kaburu,Movie,1,8,Completed
203,Tristatic,Sen to Chihiro no Kamikakushi,Movie,1,8,Completed
228,Tristatic,Sword Art Online Movie: Ordinal Scale,Movie,1,8,Completed
232,Tristatic,Tamako Love Story,Movie,1,8,Completed
237,Tristatic,Toki wo Kakeru Shoujo,Movie,1,8,Completed
245,Tristatic,Tonari no Totoro,Movie,1,8,Completed
148,Tristatic,Mirai Nikki: Redial,OVA,1,8,Completed
10,Tristatic,Ano Hi Mita Hana no Namae wo Bokutachi wa Mada Shiranai.,TV,11,8,Completed
19,Tristatic,Boku no Hero Academia,TV,13,8,Completed
20,Tristatic,Boku no Hero Academia 2nd Season,TV,25,8,Completed
21,Tristatic,Boku no Hero Academia 3rd Season,TV,25,8,Completed
22,Tristatic,Boku no Hero Academia 4th Season,TV,25,8,Completed
29,Tristatic,Campione!: Matsurowanu Kamigami to Kamigoroshi no Maou,TV,13,8,Completed
32,Tristatic,Charlotte,TV,13,8,Completed
35,Tristatic,Chihayafuru,TV,25,8,Completed
41,Tristatic,Danshi Koukousei no Nichijou,TV,12,8,Completed
61,Tristatic,Fairy Tail (2014),TV,102,8,Completed
69,Tristatic,Fullmetal Alchemist: Brotherhood,TV,64,8,Completed
83,Tristatic,Haikyuu!!: To the Top,TV,13,8,Completed
84,Tristatic,Hataraku Saibou (TV),TV,13,8,Completed
92,Tristatic,Isshuukan Friends.,TV,12,8,Completed
99,Tristatic,Kaguya-sama wa Kokurasetai: Tensai-tachi no Renai Zunousen,TV,12,8,Completed
103,Tristatic,Kakegurui,TV,12,8,Completed
107,Tristatic,"Kanojo, Okarishimasu",TV,12,8,Completed
112,Tristatic,Kimetsu no Yaiba,TV,26,8,Completed
114,Tristatic,Kimi ni Todoke 2nd Season,TV,12,8,Completed
118,Tristatic,Kiseijuu: Sei no Kakuritsu,TV,24,8,Completed
121,Tristatic,Koi to Uso,TV,12,8,Completed
125,Tristatic,Kono Subarashii Sekai ni Shukufuku wo!,TV,10,8,Completed
126,Tristatic,Kono Subarashii Sekai ni Shukufuku wo! 2,TV,10,8,Completed
134,Tristatic,Log Horizon,TV,25,8,Completed
135,Tristatic,Log Horizon 2nd Season,TV,25,8,Completed
151,Tristatic,Mondaiji-tachi ga Isekai kara Kuru Sou Desu yo?,TV,10,8,Completed
152,Tristatic,Munou na Nana,TV,13,8,Completed
158,Tristatic,Naruto: Shippuuden,TV,500,8,Completed
161,Tristatic,Nisekoi,TV,20,8,Completed
162,Tristatic,No Game No Life,TV,12,8,Completed
167,Tristatic,One Punch Man 2nd Season,TV,12,8,Completed
172,Tristatic,Overlord,TV,13,8,Completed
187,Tristatic,ReLIFE,TV,13,8,Completed
190,Tristatic,Rokudenashi Majutsu Koushi to Akashic Records,TV,12,8,Completed
195,Tristatic,Sakura-sou no Pet na Kanojo,TV,24,8,Completed
197,Tristatic,Sakurako-san no Ashimoto ni wa Shitai ga Umatteiru,TV,12,8,Completed
204,Tristatic,Shigatsu wa Kimi no Uso,TV,22,8,Completed
206,Tristatic,Shingeki no Kyojin,TV,25,8,Completed
208,Tristatic,Shingeki no Kyojin Season 3,TV,12,8,Completed
213,Tristatic,Shokugeki no Souma: Ni no Sara,TV,13,8,Completed
214,Tristatic,Shokugeki no Souma: San no Sara,TV,12,8,Completed
215,Tristatic,Shokugeki no Souma: San no Sara - Tootsuki Ressha-hen,TV,12,8,Completed
216,Tristatic,Shokugeki no Souma: Shin no Sara,TV,12,8,Completed
218,Tristatic,Soul Eater,TV,51,8,Completed
223,Tristatic,Suzumiya Haruhi no Yuuutsu,TV,14,8,Completed
229,Tristatic,Sword Art Online: Alicization,TV,24,8,Completed
230,Tristatic,Sword Art Online: Alicization - War of Underworld,TV,12,8,Completed
235,Tristatic,Tensei shitara Slime Datta Ken,TV,24,8,Completed
244,Tristatic,Tonari no Kaibutsu-kun,TV,13,8,Completed
246,Tristatic,Toradora!,TV,25,8,Completed
249,Tristatic,Violet Evergarden,TV,13,8,Completed
254,Tristatic,Yahari Ore no Seishun Love Comedy wa Machigatteiru. Kan,TV,12,8,Completed
256,Tristatic,Yakusoku no Neverland,TV,12,8,Completed
262,Tristatic,Youkoso Jitsuryoku Shijou Shugi no Kyoushitsu e (TV),TV,12,8,Completed
265,Tristatic,Yuukoku no Moriarty,TV,11,8,Completed
115,Tristatic,Kimi no Na wa.,Movie,1,9,Completed
120,Tristatic,Koe no Katachi,Movie,1,9,Completed
133,Tristatic,Liz to Aoi Tori,Movie,1,9,Completed
198,Tristatic,Sayonara no Asa ni Yakusoku no Hana wo Kazarou,Movie,1,9,Completed
202,Tristatic,Seishun Buta Yarou wa Yumemiru Shoujo no Yume wo Minai,Movie,1,9,Completed
76,Tristatic,Great Pretender,ONA,23,9,Completed
15,Tristatic,Bakemonogatari,TV,15,9,Completed
31,Tristatic,Carole & Tuesday,TV,24,9,Completed
43,Tristatic,Darling in the FranXX,TV,24,9,Completed
50,Tristatic,Dr. Stone,TV,24,9,Completed
57,Tristatic,Dragon Ball Z,TV,291,9,Completed
60,Tristatic,Fairy Tail,TV,175,9,Completed
62,Tristatic,Fairy Tail: Final Series,TV,51,9,Completed
64,Tristatic,Fate/Zero,TV,13,9,Completed
65,Tristatic,Fate/Zero 2nd Season,TV,12,9,Completed
80,Tristatic,Haikyuu!!,TV,25,9,Completed
81,Tristatic,Haikyuu!! Second Season,TV,25,9,Completed
82,Tristatic,Haikyuu!!: Karasuno Koukou vs. Shiratorizawa Gakuen Koukou,TV,10,9,Completed
88,Tristatic,Hyouka,TV,22,9,Completed
100,Tristatic,Kaguya-sama wa Kokurasetai?: Tensai-tachi no Renai Zunousen,TV,12,9,Completed
166,Tristatic,One Punch Man,TV,12,9,Completed
184,Tristatic,Re:Zero kara Hajimeru Isekai Seikatsu,TV,25,9,Completed
185,Tristatic,Re:Zero kara Hajimeru Isekai Seikatsu 2nd Season,TV,13,9,Completed
207,Tristatic,Shingeki no Kyojin Season 2,TV,12,9,Completed
209,Tristatic,Shingeki no Kyojin Season 3 Part 2,TV,10,9,Completed
211,Tristatic,Shokugeki no Souma,TV,24,9,Completed
221,Tristatic,Steins;Gate 0,TV,23,9,Completed
233,Tristatic,Tate no Yuusha no Nariagari,TV,25,9,Completed
242,Tristatic,Tokyo Magnitude 8.0,TV,11,9,Completed
255,Tristatic,Yahari Ore no Seishun Love Comedy wa Machigatteiru. Zoku,TV,13,9,Completed
165,Tristatic,One Piece,TV,0,9,Watching
18,r4z3fyre,Horimiya,TV,13,0,Plan to Watch
40,r4z3fyre,ReLIFE,TV,13,0,Plan to Watch
51,r4z3fyre,Suzumiya Haruhi no Yuuutsu,TV,14,0,Plan to Watch
53,r4z3fyre,Tate no Yuusha no Nariagari Season 2,TV,0,0,Plan to Watch
57,r4z3fyre,Tonari no Kaibutsu-kun,TV,13,0,Plan to Watch
8,r4z3fyre,Chuunibyou demo Koi ga Shitai! Ren,TV,12,0,Watching
13,r4z3fyre,Eromanga-sensei,TV,12,1,Completed
28,r4z3fyre,Kimi no Na wa.,Movie,1,10,Completed
17,r4z3fyre,Fullmetal Alchemist: Brotherhood,TV,64,10,Completed
49,r4z3fyre,Shingeki no Kyojin Season 3 Part 2,TV,10,10,Completed
60,r4z3fyre,Violet Evergarden,TV,13,10,Completed
50,r4z3fyre,Shingeki no Kyojin: The Final Season,TV,16,10,Watching
56,r4z3fyre,Tokyo Ghoul √A,TV,12,4,Dropped
20,r4z3fyre,Isekai Quartet,TV,12,5,Completed
0,r4z3fyre,5-toubun no Hanayome,TV,12,6,Completed
9,r4z3fyre,Darling in the FranXX,TV,24,6,Completed
35,r4z3fyre,Nakitai Watashi wa Neko wo Kaburu,Movie,1,7,Completed
2,r4z3fyre,Boku dake ga Inai Machi,TV,12,7,Completed
3,r4z3fyre,Boku no Hero Academia,TV,13,7,Completed
7,r4z3fyre,Chuunibyou demo Koi ga Shitai!,TV,12,7,Completed
15,r4z3fyre,Fairy Tail (2014),TV,102,7,Completed
25,r4z3fyre,Karakai Jouzu no Takagi-san,TV,12,7,Completed
30,r4z3fyre,Kiseijuu: Sei no Kakuritsu,TV,24,7,Completed
31,r4z3fyre,Kobayashi-san Chi no Maid Dragon,TV,13,7,Completed
38,r4z3fyre,One Punch Man 2nd Season,TV,12,7,Completed
58,r4z3fyre,Tonikaku Kawaii,TV,12,7,Completed
29,r4z3fyre,Kimi no Suizou wo Tabetai,Movie,1,8,Completed
44,r4z3fyre,Seishun Buta Yarou wa Yumemiru Shoujo no Yume wo Minai,Movie,1,8,Completed
4,r4z3fyre,Boku no Hero Academia 2nd Season,TV,25,8,Completed
6,r4z3fyre,Boku no Hero Academia 4th Season,TV,25,8,Completed
14,r4z3fyre,Fairy Tail,TV,175,8,Completed
16,r4z3fyre,Fairy Tail: Final Series,TV,51,8,Completed
19,r4z3fyre,Hyouka,TV,22,8,Completed
21,r4z3fyre,Kaguya-sama wa Kokurasetai: Tensai-tachi no Renai Zunousen,TV,12,8,Completed
22,r4z3fyre,Kaguya-sama wa Kokurasetai?: Tensai-tachi no Renai Zunousen,TV,12,8,Completed
23,r4z3fyre,Kami no Tou,TV,13,8,Completed
24,r4z3fyre,"Kanojo, Okarishimasu",TV,12,8,Completed
26,r4z3fyre,Karakai Jouzu no Takagi-san 2,TV,12,8,Completed
33,r4z3fyre,Kono Subarashii Sekai ni Shukufuku wo!,TV,10,8,Completed
34,r4z3fyre,Kono Subarashii Sekai ni Shukufuku wo! 2,TV,10,8,Completed
39,r4z3fyre,Re:Zero kara Hajimeru Isekai Seikatsu,TV,25,8,Completed
43,r4z3fyre,Seishun Buta Yarou wa Bunny Girl Senpai no Yume wo Minai,TV,13,8,Completed
45,r4z3fyre,Shigatsu wa Kimi no Uso,TV,22,8,Completed
46,r4z3fyre,Shingeki no Kyojin,TV,25,8,Completed
52,r4z3fyre,Tate no Yuusha no Nariagari,TV,25,8,Completed
55,r4z3fyre,Tokyo Ghoul,TV,12,8,Completed
59,r4z3fyre,Toradora!,TV,25,8,Completed
61,r4z3fyre,Yahari Ore no Seishun Love Comedy wa Machigatteiru.,TV,13,8,Completed
32,r4z3fyre,Koe no Katachi,Movie,1,9,Completed
42,r4z3fyre,Sayonara no Asa ni Yakusoku no Hana wo Kazarou,Movie,1,9,Completed
54,r4z3fyre,Tenki no Ko,Movie,1,9,Completed
1,r4z3fyre,Ano Hi Mita Hana no Namae wo Bokutachi wa Mada Shiranai.,TV,11,9,Completed
5,r4z3fyre,Boku no Hero Academia 3rd Season,TV,25,9,Completed
10,r4z3fyre,Death Note,TV,37,9,Completed
11,r4z3fyre,Dr. Stone,TV,24,9,Completed
27,r4z3fyre,Kimetsu no Yaiba,TV,26,9,Completed
36,r4z3fyre,No Game No Life,TV,12,9,Completed
37,r4z3fyre,One Punch Man,TV,12,9,Completed
41,r4z3fyre,Sakura-sou no Pet na Kanojo,TV,24,9,Completed
47,r4z3fyre,Shingeki no Kyojin Season 2,TV,12,9,Completed
48,r4z3fyre,Shingeki no Kyojin Season 3,TV,12,9,Completed
62,r4z3fyre,Yahari Ore no Seishun Love Comedy wa Machigatteiru. Kan,TV,12,9,Completed
63,r4z3fyre,Yahari Ore no Seishun Love Comedy wa Machigatteiru. Zoku,TV,13,9,Completed
12,r4z3fyre,Dr. Stone: Stone Wars,TV,11,9,Watching
